{"scope.version":"2","timeline.animationMode":"proMode","viewport.width":600,"viewport.height":600,"publish.local.location":"/home/sveinung/Documents/IT/SCHOOLSTUFFV3/HELDAG/Oppgave2_Publisert","publish.local.name":"Oppgave2","publish.local.flatten":true,"publish.local.minify":false,"publish.local.inlineFiles":false,"publish.local.createZip":false,"publish.local.politeLoad":false,"publish.local.exportMozilla":false,"publish.local.exportWebkit":false,"publish.local.unpackGroups":false,"publish.local.addBorder":false,"publish.local.useLightBorder":false,"publish.local.borderColor":"rgba(0,0,0,1)","publish.drive.flatten":true,"publish.drive.minify":true,"publish.drive.inlineFiles":false,"publish.drive.createZip":true,"publish.drive.politeLoad":false,"publish.drive.exportMozilla":true,"publish.drive.exportWebkit":true,"publish.drive.unpackGroups":true,"publish.drive.addBorder":false,"publish.drive.useLightBorder":false,"publish.drive.borderColor":"rgba(0,0,0,1)","publish.studio.flatten":true,"publish.studio.minify":true,"publish.studio.inlineFiles":false,"publish.studio.createZip":true,"publish.studio.politeLoad":false,"publish.studio.exportMozilla":true,"publish.studio.exportWebkit":true,"publish.studio.unpackGroups":true,"publish.studio.addBorder":false,"publish.studio.useLightBorder":false,"publish.studio.borderColor":"rgba(0,0,0,1)","library.panelWidth":226,"library.sortColumn":"name","library.sortDirection":"ascending","library.columnWidths":[100,100,100],"library.openDirectories":[],"library.GroupsPath":{},"library.downloadedAssets":{}}